source, target, day, weight
"BELAGAVI","BELAGAVI",0,0.583946750169804
"BELAGAVI","BAGALKOTE",0,0.103880265413342
"BELAGAVI","VIJAYAPURA",0,0.034235693601789
"BELAGAVI","KALABURAGI",0,0.003779070486787
"BELAGAVI","BIDAR",0,0.000851328657762
"BELAGAVI","RAICHUR",0,0.007001349750297
"BELAGAVI","KOPPAL",0,0.02285320020501
"BELAGAVI","GADAG",0,0.054701533381208
"BELAGAVI","DHARWAD",0,0.09911973721648
"BELAGAVI","UTTARA KANNADA",0,0.029370111400246
"BELAGAVI","HAVERI",0,0.020939851958088
"BELAGAVI","BALLARI",0,0.005537080400027
"BELAGAVI","CHITRADURGA",0,0.002028033071885
"BELAGAVI","DAVANGERE",0,0.005328441149741
"BELAGAVI","SHIVAMOGGA",0,0.00530689586452
"BELAGAVI","UDUPI",0,0.001703634821936
"BELAGAVI","CHIKKAMAGALURU",0,0.00116279883824
"BELAGAVI","TUMAKURU",0,0.000368786351479
"BELAGAVI","KOLAR",0,3.03167268946972E-05
"BELAGAVI","BENGALURU URBAN",0,5.69779253298302E-05
"BELAGAVI","BENGALURU RURAL",0,9.30906805306591E-05
"BELAGAVI","MANDYA",0,8.03865946411894E-05
"BELAGAVI","HASSAN",0,0.000329332807719
"BELAGAVI","DAKSHINA KANNADA",0,0.00038303382407
"BELAGAVI","KODAGU",0,9.72342387017753E-05
"BELAGAVI","MYSURU",0,4.97104413409838E-05
"BELAGAVI","CHAMARAJANAGARA",0,1.64225528775185E-05
"BELAGAVI","CHIKKABALLAPURA",0,0.000107715184681
"BELAGAVI","RAMANAGARA",0,4.93788198582042E-05
"BELAGAVI","YADGIR",0,0.005885189659817
"BELAGAVI","VIJAYAPURA",0,0.010706647804896
"BAGALKOTE","BELAGAVI",0,0.081722583736088
"BAGALKOTE","BAGALKOTE",0,0.45939078994728
"BAGALKOTE","VIJAYAPURA",0,0.107164456050286
"BAGALKOTE","KALABURAGI",0,0.013648882534186
"BAGALKOTE","BIDAR",0,0.002697930250231
"BAGALKOTE","RAICHUR",0,0.030113602770518
"BAGALKOTE","KOPPAL",0,0.065783757878963
"BAGALKOTE","GADAG",0,0.079144934338183
"BAGALKOTE","DHARWAD",0,0.055893184508698
"BAGALKOTE","UTTARA KANNADA",0,0.009876117015484
"BAGALKOTE","HAVERI",0,0.016504009367502
"BAGALKOTE","BALLARI",0,0.016827116326708
"BAGALKOTE","CHITRADURGA",0,0.003257881923015
"BAGALKOTE","DAVANGERE",0,0.006181948347651
"BAGALKOTE","SHIVAMOGGA",0,0.003352728014532
"BAGALKOTE","UDUPI",0,0.000870283033916
"BAGALKOTE","CHIKKAMAGALURU",0,0.000974807798927
"BAGALKOTE","TUMAKURU",0,0.000599473075664
"BAGALKOTE","KOLAR",0,6.67982880364291E-05
"BAGALKOTE","BENGALURU URBAN",0,0.000101661077382
"BAGALKOTE","BENGALURU RURAL",0,0.000175879836263
"BAGALKOTE","MANDYA",0,0.000101684716341
"BAGALKOTE","HASSAN",0,0.000327463792872
"BAGALKOTE","DAKSHINA KANNADA",0,0.000245325916818
"BAGALKOTE","KODAGU",0,7.87856400521313E-05
"BAGALKOTE","MYSURU",0,5.17809923440222E-05
"BAGALKOTE","CHAMARAJANAGARA",0,2.0884378866773E-05
"BAGALKOTE","CHIKKABALLAPURA",0,0.000239873192868
"BAGALKOTE","RAMANAGARA",0,7.66407312694743E-05
"BAGALKOTE","YADGIR",0,0.025501443705394
"BAGALKOTE","VIJAYAPURA",0,0.019007290813662
"VIJAYAPURA","BELAGAVI",0,0.012977415089993
"VIJAYAPURA","BAGALKOTE",0,0.05163578582297
"VIJAYAPURA","VIJAYAPURA",0,0.221351419239528
"VIJAYAPURA","KALABURAGI",0,0.024374266102427
"VIJAYAPURA","BIDAR",0,0.005309731713074
"VIJAYAPURA","RAICHUR",0,0.017370488369244
"VIJAYAPURA","KOPPAL",0,0.013437471611548
"VIJAYAPURA","GADAG",0,0.010024672436304
"VIJAYAPURA","DHARWAD",0,0.006282431646666
"VIJAYAPURA","UTTARA KANNADA",0,0.001115706771741
"VIJAYAPURA","HAVERI",0,0.001983966461987
"VIJAYAPURA","BALLARI",0,0.004654998539772
"VIJAYAPURA","CHITRADURGA",0,0.000568335406732
"VIJAYAPURA","DAVANGERE",0,0.000878121946336
"VIJAYAPURA","SHIVAMOGGA",0,0.0003993711431
"VIJAYAPURA","UDUPI",0,0.000101128038845
"VIJAYAPURA","CHIKKAMAGALURU",0,0.00012846264572
"VIJAYAPURA","TUMAKURU",0,0.000112315771893
"VIJAYAPURA","KOLAR",0,1.69960665884188E-05
"VIJAYAPURA","BENGALURU URBAN",0,2.13359778065699E-05
"VIJAYAPURA","BENGALURU RURAL",0,3.81795471246036E-05
"VIJAYAPURA","MANDYA",0,1.69002698873822E-05
"VIJAYAPURA","HASSAN",0,4.71303093595429E-05
"VIJAYAPURA","DAKSHINA KANNADA",0,3.0268055920844E-05
"VIJAYAPURA","KODAGU",0,1.06188366469144E-05
"VIJAYAPURA","MYSURU",0,7.83014587607427E-06
"VIJAYAPURA","CHAMARAJANAGARA",0,3.56343291710862E-06
"VIJAYAPURA","CHIKKABALLAPURA",0,5.97964550610536E-05
"VIJAYAPURA","RAMANAGARA",0,1.45865513366941E-05
"VIJAYAPURA","YADGIR",0,0.027693688636052
"VIJAYAPURA","VIJAYAPURA",0,0.003143999859329
"KALABURAGI","BELAGAVI",0,0.0038157816709
"KALABURAGI","BAGALKOTE",0,0.017518083135615
"KALABURAGI","VIJAYAPURA",0,0.064926352935213
"KALABURAGI","KALABURAGI",0,0.589619408759344
"KALABURAGI","BIDAR",0,0.106253109187604
"KALABURAGI","RAICHUR",0,0.043730400452444
"KALABURAGI","KOPPAL",0,0.010567227407804
"KALABURAGI","GADAG",0,0.004798192460084
"KALABURAGI","DHARWAD",0,0.002308502889438
"KALABURAGI","UTTARA KANNADA",0,0.000399227239187
"KALABURAGI","HAVERI",0,0.000969915138111
"KALABURAGI","BALLARI",0,0.006973091908431
"KALABURAGI","CHITRADURGA",0,0.000583428907796
"KALABURAGI","DAVANGERE",0,0.000621082598298
"KALABURAGI","SHIVAMOGGA",0,0.000202278934876
"KALABURAGI","UDUPI",0,4.88054220036168E-05
"KALABURAGI","CHIKKAMAGALURU",0,8.58261979724017E-05
"KALABURAGI","TUMAKURU",0,0.000144078150667
"KALABURAGI","KOLAR",0,3.95038187893481E-05
"KALABURAGI","BENGALURU URBAN",0,3.58245370780364E-05
"KALABURAGI","BENGALURU RURAL",0,6.60690131867443E-05
"KALABURAGI","MANDYA",0,1.90459933331966E-05
"KALABURAGI","HASSAN",0,3.90375378064333E-05
"KALABURAGI","DAKSHINA KANNADA",0,1.79273647118007E-05
"KALABURAGI","KODAGU",0,7.96157652468561E-06
"KALABURAGI","MYSURU",0,7.53097135768005E-06
"KALABURAGI","CHAMARAJANAGARA",0,4.40824500871699E-06
"KALABURAGI","CHIKKABALLAPURA",0,0.000126417833884
"KALABURAGI","RAMANAGARA",0,2.10398278147504E-05
"KALABURAGI","YADGIR",0,0.143534820808378
"KALABURAGI","VIJAYAPURA",0,0.002515619076338
"BIDAR","BELAGAVI",0,0.001134554301349
"BIDAR","BAGALKOTE",0,0.004570352664316
"BIDAR","VIJAYAPURA",0,0.018667731528157
"BIDAR","KALABURAGI",0,0.140239758676974
"BIDAR","BIDAR",0,0.778218013834054
"BIDAR","RAICHUR",0,0.011679625309037
"BIDAR","KOPPAL",0,0.002529423877169
"BIDAR","GADAG",0,0.001150190415039
"BIDAR","DHARWAD",0,0.000576105179457
"BIDAR","UTTARA KANNADA",0,9.98601942282918E-05
"BIDAR","HAVERI",0,0.00023115194051
"BIDAR","BALLARI",0,0.001854194198553
"BIDAR","CHITRADURGA",0,0.000150487003817
"BIDAR","DAVANGERE",0,0.000150346055998
"BIDAR","SHIVAMOGGA",0,4.81133831507193E-05
"BIDAR","UDUPI",0,1.1612567224315E-05
"BIDAR","CHIKKAMAGALURU",0,2.08010751234758E-05
"BIDAR","TUMAKURU",0,4.01628580471834E-05
"BIDAR","KOLAR",0,1.41852962932657E-05
"BIDAR","BENGALURU URBAN",0,1.11900238629299E-05
"BIDAR","BENGALURU RURAL",0,2.06902142847311E-05
"BIDAR","MANDYA",0,5.21576534092323E-06
"BIDAR","HASSAN",0,9.83808010298772E-06
"BIDAR","DAKSHINA KANNADA",0,4.30251675004253E-06
"BIDAR","KODAGU",0,1.9804919229079E-06
"BIDAR","MYSURU",0,1.98415880553613E-06
"BIDAR","CHAMARAJANAGARA",0,1.25814754070539E-06
"BIDAR","CHIKKABALLAPURA",0,4.24836698247523E-05
"BIDAR","RAMANAGARA",0,6.24711818935218E-06
"BIDAR","YADGIR",0,0.037896551402137
"BIDAR","VIJAYAPURA",0,0.000611588052742
"RAICHUR","BELAGAVI",0,0.005892800861396
"RAICHUR","BAGALKOTE",0,0.032217636026692
"RAICHUR","VIJAYAPURA",0,0.038569406443583
"RAICHUR","KALABURAGI",0,0.036452298750274
"RAICHUR","BIDAR",0,0.00737633901589
"RAICHUR","RAICHUR",0,0.491488360835591
"RAICHUR","KOPPAL",0,0.07673374158501
"RAICHUR","GADAG",0,0.024221988814662
"RAICHUR","DHARWAD",0,0.00865547374302
"RAICHUR","UTTARA KANNADA",0,0.001701226601123
"RAICHUR","HAVERI",0,0.00623972819566
"RAICHUR","BALLARI",0,0.077783793163802
"RAICHUR","CHITRADURGA",0,0.006329756117552
"RAICHUR","DAVANGERE",0,0.005709244070649
"RAICHUR","SHIVAMOGGA",0,0.001488894643057
"RAICHUR","UDUPI",0,0.000359402161126
"RAICHUR","CHIKKAMAGALURU",0,0.000808468166074
"RAICHUR","TUMAKURU",0,0.001619302091883
"RAICHUR","KOLAR",0,0.000383492110392
"RAICHUR","BENGALURU URBAN",0,0.000388381215674
"RAICHUR","BENGALURU RURAL",0,0.000713376359654
"RAICHUR","MANDYA",0,0.000213607388423
"RAICHUR","HASSAN",0,0.000410954152285
"RAICHUR","DAKSHINA KANNADA",0,0.000160985977596
"RAICHUR","KODAGU",0,8.19496911958772E-05
"RAICHUR","MYSURU",0,8.31466655156553E-05
"RAICHUR","CHAMARAJANAGARA",0,4.95047040561884E-05
"RAICHUR","CHIKKABALLAPURA",0,0.001287922048825
"RAICHUR","RAMANAGARA",0,0.000233900988796
"RAICHUR","YADGIR",0,0.149256447479508
"RAICHUR","VIJAYAPURA",0,0.023088469931036
"KOPPAL","BELAGAVI",0,0.015054120822058
"KOPPAL","BAGALKOTE",0,0.0550830543192
"KOPPAL","VIJAYAPURA",0,0.023351612090995
"KOPPAL","KALABURAGI",0,0.006893994005808
"KOPPAL","BIDAR",0,0.001250264653357
"KOPPAL","RAICHUR",0,0.060055772328365
"KOPPAL","KOPPAL",0,0.384664066819725
"KOPPAL","GADAG",0,0.112728572171017
"KOPPAL","DHARWAD",0,0.037675402304044
"KOPPAL","UTTARA KANNADA",0,0.008252923507121
"KOPPAL","HAVERI",0,0.031020795800375
"KOPPAL","BALLARI",0,0.092885169569006
"KOPPAL","CHITRADURGA",0,0.016269069314295
"KOPPAL","DAVANGERE",0,0.022249953017841
"KOPPAL","SHIVAMOGGA",0,0.007012932602495
"KOPPAL","UDUPI",0,0.001681620688092
"KOPPAL","CHIKKAMAGALURU",0,0.003084319405704
"KOPPAL","TUMAKURU",0,0.003169672438816
"KOPPAL","KOLAR",0,0.000390190539648
"KOPPAL","BENGALURU URBAN",0,0.000569227956206
"KOPPAL","BENGALURU RURAL",0,0.000998499324419
"KOPPAL","MANDYA",0,0.000483647532563
"KOPPAL","HASSAN",0,0.001272877009654
"KOPPAL","DAKSHINA KANNADA",0,0.000652457513242
"KOPPAL","KODAGU",0,0.000271911200751
"KOPPAL","MYSURU",0,0.000219594269546
"KOPPAL","CHAMARAJANAGARA",0,0.000101927438212
"KOPPAL","CHIKKABALLAPURA",0,0.001400613543409
"KOPPAL","RAMANAGARA",0,0.000407706325176
"KOPPAL","YADGIR",0,0.023627823071781
"KOPPAL","VIJAYAPURA",0,0.087220208417079
"GADAG","BELAGAVI",0,0.033959287623981
"GADAG","BAGALKOTE",0,0.062455854652212
"GADAG","VIJAYAPURA",0,0.01641799792006
"GADAG","KALABURAGI",0,0.002950109999107
"GADAG","BIDAR",0,0.000535797621396
"GADAG","RAICHUR",0,0.01786606370665
"GADAG","KOPPAL",0,0.106239178536231
"GADAG","GADAG",0,0.362520288195758
"GADAG","DHARWAD",0,0.12027586918116
"GADAG","UTTARA KANNADA",0,0.025416458421259
"GADAG","HAVERI",0,0.071046558350804
"GADAG","BALLARI",0,0.030349364588167
"GADAG","CHITRADURGA",0,0.012708715755158
"GADAG","DAVANGERE",0,0.027798021375148
"GADAG","SHIVAMOGGA",0,0.014323893181188
"GADAG","UDUPI",0,0.003548242749615
"GADAG","CHIKKAMAGALURU",0,0.004461237491351
"GADAG","TUMAKURU",0,0.002290263030912
"GADAG","KOLAR",0,0.000200709068303
"GADAG","BENGALURU URBAN",0,0.000362853599063
"GADAG","BENGALURU RURAL",0,0.000603316284934
"GADAG","MANDYA",0,0.000432831554008
"GADAG","HASSAN",0,0.00148408540182
"GADAG","DAKSHINA KANNADA",0,0.001092473003565
"GADAG","KODAGU",0,0.00036086264247
"GADAG","MYSURU",0,0.000231659895769
"GADAG","CHAMARAJANAGARA",0,8.82292288640787E-05
"GADAG","CHIKKABALLAPURA",0,0.000713789863434
"GADAG","RAMANAGARA",0,0.000297617683775
"GADAG","YADGIR",0,0.008399820090892
"GADAG","VIJAYAPURA",0,0.070568549302946
"DHARWAD","BELAGAVI",0,0.069578889076631
"DHARWAD","BAGALKOTE",0,0.049873191930082
"DHARWAD","VIJAYAPURA",0,0.011634187411257
"DHARWAD","KALABURAGI",0,0.001604904688218
"DHARWAD","BIDAR",0,0.000303452761825
"DHARWAD","RAICHUR",0,0.007218853027557
"DHARWAD","KOPPAL",0,0.040148273483982
"DHARWAD","GADAG",0,0.135999334015368
"DHARWAD","DHARWAD",0,0.40991196403181
"DHARWAD","UTTARA KANNADA",0,0.070887357214441
"DHARWAD","HAVERI",0,0.086555384940876
"DHARWAD","BALLARI",0,0.011613262787184
"DHARWAD","CHITRADURGA",0,0.007536523384115
"DHARWAD","DAVANGERE",0,0.021502777150394
"DHARWAD","SHIVAMOGGA",0,0.020434077334164
"DHARWAD","UDUPI",0,0.005837656388792
"DHARWAD","CHIKKAMAGALURU",0,0.00474587654417
"DHARWAD","TUMAKURU",0,0.001407743465594
"DHARWAD","KOLAR",0,0.000103057442908
"DHARWAD","BENGALURU URBAN",0,0.000213919190803
"DHARWAD","BENGALURU RURAL",0,0.000339315949262
"DHARWAD","MANDYA",0,0.000329215517565
"DHARWAD","HASSAN",0,0.001360727462472
"DHARWAD","DAKSHINA KANNADA",0,0.00144486598011
"DHARWAD","KODAGU",0,0.00039044212926
"DHARWAD","MYSURU",0,0.000205443356984
"DHARWAD","CHAMARAJANAGARA",0,6.74256212705528E-05
"DHARWAD","CHIKKABALLAPURA",0,0.000357859651834
"DHARWAD","RAMANAGARA",0,0.000194547047552
"DHARWAD","YADGIR",0,0.003879308971761
"DHARWAD","VIJAYAPURA",0,0.03432016204176
"UTTARA KANNADA","BELAGAVI",0,0.027118089213633
"UTTARA KANNADA","BAGALKOTE",0,0.011591260870533
"UTTARA KANNADA","VIJAYAPURA",0,0.002717656076774
"UTTARA KANNADA","KALABURAGI",0,0.000365069147489
"UTTARA KANNADA","BIDAR",0,6.91859429092511E-05
"UTTARA KANNADA","RAICHUR",0,0.001866275112066
"UTTARA KANNADA","KOPPAL",0,0.011567857715677
"UTTARA KANNADA","GADAG",0,0.037801536746987
"UTTARA KANNADA","DHARWAD",0,0.09324057186773
"UTTARA KANNADA","UTTARA KANNADA",0,0.53917126330623
"UTTARA KANNADA","HAVERI",0,0.096750382979063
"UTTARA KANNADA","BALLARI",0,0.004351107426807
"UTTARA KANNADA","CHITRADURGA",0,0.007234856848565
"UTTARA KANNADA","DAVANGERE",0,0.02554276564291
"UTTARA KANNADA","SHIVAMOGGA",0,0.065401296141768
"UTTARA KANNADA","UDUPI",0,0.02880286840551
"UTTARA KANNADA","CHIKKAMAGALURU",0,0.012479626291546
"UTTARA KANNADA","TUMAKURU",0,0.001701583721461
"UTTARA KANNADA","KOLAR",0,0.000100140253521
"UTTARA KANNADA","BENGALURU URBAN",0,0.000265719958732
"UTTARA KANNADA","BENGALURU RURAL",0,0.000378049740293
"UTTARA KANNADA","MANDYA",0,0.000626365196747
"UTTARA KANNADA","HASSAN",0,0.003205513404045
"UTTARA KANNADA","DAKSHINA KANNADA",0,0.005847894620141
"UTTARA KANNADA","KODAGU",0,0.001273132822397
"UTTARA KANNADA","MYSURU",0,0.000510938308356
"UTTARA KANNADA","CHAMARAJANAGARA",0,0.000137680825143
"UTTARA KANNADA","CHIKKABALLAPURA",0,0.00031643036474
"UTTARA KANNADA","RAMANAGARA",0,0.00029263053031
"UTTARA KANNADA","YADGIR",0,0.000911010456811
"UTTARA KANNADA","VIJAYAPURA",0,0.018361240061106
"HAVERI","BELAGAVI",0,0.013491660818207
"HAVERI","BAGALKOTE",0,0.013516748424839
"HAVERI","VIJAYAPURA",0,0.00337222907684
"HAVERI","KALABURAGI",0,0.000618909316278
"HAVERI","BIDAR",0,0.000111753547318
"HAVERI","RAICHUR",0,0.004776584751026
"HAVERI","KOPPAL",0,0.030341452638482
"HAVERI","GADAG",0,0.073735355989198
"HAVERI","DHARWAD",0,0.079445362550153
"HAVERI","UTTARA KANNADA",0,0.067513559992434
"HAVERI","HAVERI",0,0.376240075858911
"HAVERI","BALLARI",0,0.015139188415618
"HAVERI","CHITRADURGA",0,0.025667502401689
"HAVERI","DAVANGERE",0,0.085019817025008
"HAVERI","SHIVAMOGGA",0,0.075716006861353
"HAVERI","UDUPI",0,0.01874245091777
"HAVERI","CHIKKAMAGALURU",0,0.020334876182962
"HAVERI","TUMAKURU",0,0.005269666806991
"HAVERI","KOLAR",0,0.0003379404482
"HAVERI","BENGALURU URBAN",0,0.00079700885796
"HAVERI","BENGALURU RURAL",0,0.001206105282266
"HAVERI","MANDYA",0,0.001398934302266
"HAVERI","HASSAN",0,0.005914789321279
"HAVERI","DAKSHINA KANNADA",0,0.005580259512102
"HAVERI","KODAGU",0,0.00164891767572
"HAVERI","MYSURU",0,0.000893010583204
"HAVERI","CHAMARAJANAGARA",0,0.000288210630492
"HAVERI","CHIKKABALLAPURA",0,0.001116483316005
"HAVERI","RAMANAGARA",0,0.00077819130601
"HAVERI","YADGIR",0,0.001914998026
"HAVERI","VIJAYAPURA",0,0.06907194916342
"BALLARI","BELAGAVI",0,0.004457275004201
"BALLARI","BAGALKOTE",0,0.017218259905907
"BALLARI","VIJAYAPURA",0,0.00988551010318
"BALLARI","KALABURAGI",0,0.005559240525667
"BALLARI","BIDAR",0,0.001119994228229
"BALLARI","RAICHUR",0,0.074393968492715
"BALLARI","KOPPAL",0,0.113508035033304
"BALLARI","GADAG",0,0.039353116605379
"BALLARI","DHARWAD",0,0.013317585858903
"BALLARI","UTTARA KANNADA",0,0.003793454810473
"BALLARI","HAVERI",0,0.018914696924222
"BALLARI","BALLARI",0,0.470069254060942
"BALLARI","CHITRADURGA",0,0.037759293333625
"BALLARI","DAVANGERE",0,0.02787163584172
"BALLARI","SHIVAMOGGA",0,0.005966645211209
"BALLARI","UDUPI",0,0.001521657206759
"BALLARI","CHIKKAMAGALURU",0,0.004292154179148
"BALLARI","TUMAKURU",0,0.009601807634348
"BALLARI","KOLAR",0,0.00170304132353
"BALLARI","BENGALURU URBAN",0,0.002083678709342
"BALLARI","BENGALURU RURAL",0,0.003773751955768
"BALLARI","MANDYA",0,0.00128293578805
"BALLARI","HASSAN",0,0.002420081131132
"BALLARI","DAKSHINA KANNADA",0,0.000834815299603
"BALLARI","KODAGU",0,0.000477194294758
"BALLARI","MYSURU",0,0.000502340362464
"BALLARI","CHAMARAJANAGARA",0,0.000291914629852
"BALLARI","CHIKKABALLAPURA",0,0.006027080238551
"BALLARI","RAMANAGARA",0,0.001330663391648
"BALLARI","YADGIR",0,0.022625433315559
"BALLARI","VIJAYAPURA",0,0.09804348459981
"CHITRADURGA","BELAGAVI",0,0.001451988755996
"CHITRADURGA","BAGALKOTE",0,0.002964930529814
"CHITRADURGA","VIJAYAPURA",0,0.001073455061893
"CHITRADURGA","KALABURAGI",0,0.000413692491925
"CHITRADURGA","BIDAR",0,8.0846120060373E-05
"CHITRADURGA","RAICHUR",0,0.005384373842553
"CHITRADURGA","KOPPAL",0,0.017682454807462
"CHITRADURGA","GADAG",0,0.014656518343677
"CHITRADURGA","DHARWAD",0,0.007686735246611
"CHITRADURGA","UTTARA KANNADA",0,0.005610023382866
"CHITRADURGA","HAVERI",0,0.028522003193806
"CHITRADURGA","BALLARI",0,0.033583308419164
"CHITRADURGA","CHITRADURGA",0,0.418081996344901
"CHITRADURGA","DAVANGERE",0,0.117715062881607
"CHITRADURGA","SHIVAMOGGA",0,0.025290351173658
"CHITRADURGA","UDUPI",0,0.008913602110069
"CHITRADURGA","CHIKKAMAGALURU",0,0.038397579456344
"CHITRADURGA","TUMAKURU",0,0.075343381391387
"CHITRADURGA","KOLAR",0,0.005489099800617
"CHITRADURGA","BENGALURU URBAN",0,0.011740417054187
"CHITRADURGA","BENGALURU RURAL",0,0.018820976018034
"CHITRADURGA","MANDYA",0,0.012422459340461
"CHITRADURGA","HASSAN",0,0.026699512687711
"CHITRADURGA","DAKSHINA KANNADA",0,0.007619113320992
"CHITRADURGA","KODAGU",0,0.005232484038774
"CHITRADURGA","MYSURU",0,0.005359619395757
"CHITRADURGA","CHAMARAJANAGARA",0,0.002612559377812
"CHITRADURGA","CHIKKABALLAPURA",0,0.01812899068619
"CHITRADURGA","RAMANAGARA",0,0.009733068513147
"CHITRADURGA","YADGIR",0,0.001653369937976
"CHITRADURGA","VIJAYAPURA",0,0.07163602627455
"DAVANGERE","BELAGAVI",0,0.003380403741738
"DAVANGERE","BAGALKOTE",0,0.004985224652982
"DAVANGERE","VIJAYAPURA",0,0.001469650837401
"DAVANGERE","KALABURAGI",0,0.000390228726187
"DAVANGERE","BIDAR",0,7.1570228930559E-05
"DAVANGERE","RAICHUR",0,0.004303353452469
"DAVANGERE","KOPPAL",0,0.02142836944776
"DAVANGERE","GADAG",0,0.028406858892055
"DAVANGERE","DHARWAD",0,0.019433257523463
"DAVANGERE","UTTARA KANNADA",0,0.017550230613424
"DAVANGERE","HAVERI",0,0.083713742649319
"DAVANGERE","BALLARI",0,0.021965558944114
"DAVANGERE","CHITRADURGA",0,0.104306703162599
"DAVANGERE","DAVANGERE",0,0.370460276050094
"DAVANGERE","SHIVAMOGGA",0,0.069766073978054
"DAVANGERE","UDUPI",0,0.019673891990954
"DAVANGERE","CHIKKAMAGALURU",0,0.051191053203041
"DAVANGERE","TUMAKURU",0,0.022956670464251
"DAVANGERE","KOLAR",0,0.001432195934297
"DAVANGERE","BENGALURU URBAN",0,0.003472837961219
"DAVANGERE","BENGALURU RURAL",0,0.005224351498921
"DAVANGERE","MANDYA",0,0.005549766470696
"DAVANGERE","HASSAN",0,0.019596956876609
"DAVANGERE","DAKSHINA KANNADA",0,0.010432152299981
"DAVANGERE","KODAGU",0,0.004453778748585
"DAVANGERE","MYSURU",0,0.003087087254764
"DAVANGERE","CHAMARAJANAGARA",0,0.001130171515169
"DAVANGERE","CHIKKABALLAPURA",0,0.004588754786703
"DAVANGERE","RAMANAGARA",0,0.003332233648066
"DAVANGERE","YADGIR",0,0.001431467023148
"DAVANGERE","VIJAYAPURA",0,0.090815127423009
"SHIVAMOGGA","BELAGAVI",0,0.003789324188108
"SHIVAMOGGA","BAGALKOTE",0,0.003043059761999
"SHIVAMOGGA","VIJAYAPURA",0,0.000752296103907
"SHIVAMOGGA","KALABURAGI",0,0.000143045213206
"SHIVAMOGGA","BIDAR",0,2.57785840291261E-05
"SHIVAMOGGA","RAICHUR",0,0.00126312162945
"SHIVAMOGGA","KOPPAL",0,0.00760173084606
"SHIVAMOGGA","GADAG",0,0.01647491563213
"SHIVAMOGGA","DHARWAD",0,0.020785423645678
"SHIVAMOGGA","UTTARA KANNADA",0,0.050577115878312
"SHIVAMOGGA","HAVERI",0,0.083910651062002
"SHIVAMOGGA","BALLARI",0,0.005292523690043
"SHIVAMOGGA","CHITRADURGA",0,0.025222482878059
"SHIVAMOGGA","DAVANGERE",0,0.078523035562778
"SHIVAMOGGA","SHIVAMOGGA",0,0.416960046225743
"SHIVAMOGGA","UDUPI",0,0.099977907594649
"SHIVAMOGGA","CHIKKAMAGALURU",0,0.079562679542369
"SHIVAMOGGA","TUMAKURU",0,0.008411873867555
"SHIVAMOGGA","KOLAR",0,0.00047247493772
"SHIVAMOGGA","BENGALURU URBAN",0,0.001427435953764
"SHIVAMOGGA","BENGALURU RURAL",0,0.001884253344536
"SHIVAMOGGA","MANDYA",0,0.003916891136731
"SHIVAMOGGA","HASSAN",0,0.020424456954631
"SHIVAMOGGA","DAKSHINA KANNADA",0,0.029470184383251
"SHIVAMOGGA","KODAGU",0,0.00748767712118
"SHIVAMOGGA","MYSURU",0,0.003241186078922
"SHIVAMOGGA","CHAMARAJANAGARA",0,0.00087503482066
"SHIVAMOGGA","CHIKKABALLAPURA",0,0.00134028845869
"SHIVAMOGGA","RAMANAGARA",0,0.001718292241936
"SHIVAMOGGA","YADGIR",0,0.000467002929886
"SHIVAMOGGA","VIJAYAPURA",0,0.024957809732018
"UDUPI","BELAGAVI",0,0.001479970661772
"UDUPI","BAGALKOTE",0,0.00096101037588
"UDUPI","VIJAYAPURA",0,0.000231760339247
"UDUPI","KALABURAGI",0,4.19900261434888E-05
"UDUPI","BIDAR",0,7.56966753379266E-06
"UDUPI","RAICHUR",0,0.000370951635628
"UDUPI","KOPPAL",0,0.002217666655054
"UDUPI","GADAG",0,0.004965132597092
"UDUPI","DHARWAD",0,0.007224333358931
"UDUPI","UTTARA KANNADA",0,0.027099348291599
"UDUPI","HAVERI",0,0.025270345084607
"UDUPI","BALLARI",0,0.00164211975124
"UDUPI","CHITRADURGA",0,0.010815375975464
"UDUPI","DAVANGERE",0,0.026940055150236
"UDUPI","SHIVAMOGGA",0,0.121635247953824
"UDUPI","UDUPI",0,0.507282456991736
"UDUPI","CHIKKAMAGALURU",0,0.086374119540257
"UDUPI","TUMAKURU",0,0.005720216218484
"UDUPI","KOLAR",0,0.000348430870054
"UDUPI","BENGALURU URBAN",0,0.001237705812559
"UDUPI","BENGALURU RURAL",0,0.001423485915918
"UDUPI","MANDYA",0,0.005029722924759
"UDUPI","HASSAN",0,0.027991014617878
"UDUPI","DAKSHINA KANNADA",0,0.097160044458062
"UDUPI","KODAGU",0,0.018884421298136
"UDUPI","MYSURU",0,0.005956350245726
"UDUPI","CHAMARAJANAGARA",0,0.001367869647222
"UDUPI","CHIKKABALLAPURA",0,0.000835711210841
"UDUPI","RAMANAGARA",0,0.001804892076562
"UDUPI","YADGIR",0,0.00013623471357
"UDUPI","VIJAYAPURA",0,0.007544445933984
"CHIKKAMAGALURU","BELAGAVI",0,0.000793810959591
"CHIKKAMAGALURU","BAGALKOTE",0,0.000845906687304
"CHIKKAMAGALURU","VIJAYAPURA",0,0.000231355750427
"CHIKKAMAGALURU","KALABURAGI",0,5.8027498677984E-05
"CHIKKAMAGALURU","BIDAR",0,1.06554120869825E-05
"CHIKKAMAGALURU","RAICHUR",0,0.000655745673148
"CHIKKAMAGALURU","KOPPAL",0,0.003196417316252
"CHIKKAMAGALURU","GADAG",0,0.004905787970164
"CHIKKAMAGALURU","DHARWAD",0,0.004615423847051
"CHIKKAMAGALURU","UTTARA KANNADA",0,0.009227001483747
"CHIKKAMAGALURU","HAVERI",0,0.021545780261297
"CHIKKAMAGALURU","BALLARI",0,0.003639981824166
"CHIKKAMAGALURU","CHITRADURGA",0,0.036612394127383
"CHIKKAMAGALURU","DAVANGERE",0,0.055085610379644
"CHIKKAMAGALURU","SHIVAMOGGA",0,0.07606777374855
"CHIKKAMAGALURU","UDUPI",0,0.067876515129585
"CHIKKAMAGALURU","CHIKKAMAGALURU",0,0.398644473023242
"CHIKKAMAGALURU","TUMAKURU",0,0.026216191474886
"CHIKKAMAGALURU","KOLAR",0,0.001603509778171
"CHIKKAMAGALURU","BENGALURU URBAN",0,0.005565246906995
"CHIKKAMAGALURU","BENGALURU RURAL",0,0.006553861318349
"CHIKKAMAGALURU","MANDYA",0,0.018962075907643
"CHIKKAMAGALURU","HASSAN",0,0.102144483338005
"CHIKKAMAGALURU","DAKSHINA KANNADA",0,0.077221167259129
"CHIKKAMAGALURU","KODAGU",0,0.032069881496944
"CHIKKAMAGALURU","MYSURU",0,0.016105604214758
"CHIKKAMAGALURU","CHAMARAJANAGARA",0,0.004363932267369
"CHIKKAMAGALURU","CHIKKABALLAPURA",0,0.003821481455322
"CHIKKAMAGALURU","RAMANAGARA",0,0.007589395248312
"CHIKKAMAGALURU","YADGIR",0,0.000214324542458
"CHIKKAMAGALURU","VIJAYAPURA",0,0.013556183699345
"TUMAKURU","BELAGAVI",0,0.000252621478733
"TUMAKURU","BAGALKOTE",0,0.000521982661276
"TUMAKURU","VIJAYAPURA",0,0.000202967785953
"TUMAKURU","KALABURAGI",0,9.77451086049806E-05
"TUMAKURU","BIDAR",0,2.06439125111763E-05
"TUMAKURU","RAICHUR",0,0.00131790261098
"TUMAKURU","KOPPAL",0,0.003296108079318
"TUMAKURU","GADAG",0,0.002527095912473
"TUMAKURU","DHARWAD",0,0.001373730703336
"TUMAKURU","UTTARA KANNADA",0,0.001262394994989
"TUMAKURU","HAVERI",0,0.005602563428591
"TUMAKURU","BALLARI",0,0.00817071070245
"TUMAKURU","CHITRADURGA",0,0.072086231168272
"TUMAKURU","DAVANGERE",0,0.02478768297982
"TUMAKURU","SHIVAMOGGA",0,0.008069878366599
"TUMAKURU","UDUPI",0,0.004510568476446
"TUMAKURU","CHIKKAMAGALURU",0,0.026305861676593
"TUMAKURU","TUMAKURU",0,0.400008001754702
"TUMAKURU","KOLAR",0,0.022466149969445
"TUMAKURU","BENGALURU URBAN",0,0.06042367127719
"TUMAKURU","BENGALURU RURAL",0,0.088615449942448
"TUMAKURU","MANDYA",0,0.051524967519805
"TUMAKURU","HASSAN",0,0.046197819388388
"TUMAKURU","DAKSHINA KANNADA",0,0.007613406028816
"TUMAKURU","KODAGU",0,0.010496742886721
"TUMAKURU","MYSURU",0,0.017758236813953
"TUMAKURU","CHAMARAJANAGARA",0,0.012157671338468
"TUMAKURU","CHIKKABALLAPURA",0,0.058301613258167
"TUMAKURU","RAMANAGARA",0,0.051129475547477
"TUMAKURU","YADGIR",0,0.00040081257062
"TUMAKURU","VIJAYAPURA",0,0.012499291656856
"KOLAR","BELAGAVI",0,2.51662552262158E-05
"KOLAR","BAGALKOTE",0,7.04843305436453E-05
"KOLAR","VIJAYAPURA",0,3.7219937893745E-05
"KOLAR","KALABURAGI",0,3.24770699377488E-05
"KOLAR","BIDAR",0,8.83581599458331E-06
"KOLAR","RAICHUR",0,0.000378227173392
"KOLAR","KOPPAL",0,0.00049170502632
"KOLAR","GADAG",0,0.00026837632984
"KOLAR","DHARWAD",0,0.000121870417607
"KOLAR","UTTARA KANNADA",0,9.00308769574377E-05
"KOLAR","HAVERI",0,0.000435396219219
"KOLAR","BALLARI",0,0.001756195544564
"KOLAR","CHITRADURGA",0,0.006364278732895
"KOLAR","DAVANGERE",0,0.001874003171739
"KOLAR","SHIVAMOGGA",0,0.000549280100249
"KOLAR","UDUPI",0,0.000332947925134
"KOLAR","CHIKKAMAGALURU",0,0.001949823931357
"KOLAR","TUMAKURU",0,0.027225101381603
"KOLAR","KOLAR",0,0.484740750686481
"KOLAR","BENGALURU URBAN",0,0.117770403968066
"KOLAR","BENGALURU RURAL",0,0.118592799437298
"KOLAR","MANDYA",0,0.01797443112255
"KOLAR","HASSAN",0,0.004960399331776
"KOLAR","DAKSHINA KANNADA",0,0.000757822693544
"KOLAR","KODAGU",0,0.001885468722127
"KOLAR","MYSURU",0,0.006106745139015
"KOLAR","CHAMARAJANAGARA",0,0.013464877708884
"KOLAR","CHIKKABALLAPURA",0,0.134921837866512
"KOLAR","RAMANAGARA",0,0.055314829506549
"KOLAR","YADGIR",0,0.000127076095486
"KOLAR","VIJAYAPURA",0,0.001371137481241
"BENGALURU URBAN","BELAGAVI",0,3.22967926022481E-05
"BENGALURU URBAN","BAGALKOTE",0,7.32484489117013E-05
"BENGALURU URBAN","VIJAYAPURA",0,3.19048163258107E-05
"BENGALURU URBAN","KALABURAGI",0,2.01110536677113E-05
"BENGALURU URBAN","BIDAR",0,4.75943874743203E-06
"BENGALURU URBAN","RAICHUR",0,0.000261559794781
"BENGALURU URBAN","KOPPAL",0,0.000489813342494
"BENGALURU URBAN","GADAG",0,0.000331302815956
"BENGALURU URBAN","DHARWAD",0,0.000172736916035
"BENGALURU URBAN","UTTARA KANNADA",0,0.000163126097981
"BENGALURU URBAN","HAVERI",0,0.000701171255002
"BENGALURU URBAN","BALLARI",0,0.001467218913787
"BENGALURU URBAN","CHITRADURGA",0,0.009294971600235
"BENGALURU URBAN","DAVANGERE",0,0.003102907883364
"BENGALURU URBAN","SHIVAMOGGA",0,0.001133152073857
"BENGALURU URBAN","UDUPI",0,0.000807594951802
"BENGALURU URBAN","CHIKKAMAGALURU",0,0.0046208800851
"BENGALURU URBAN","TUMAKURU",0,0.049999359234532
"BENGALURU URBAN","KOLAR",0,0.080417884159183
"BENGALURU URBAN","BENGALURU URBAN",0,0.330998487077542
"BENGALURU URBAN","BENGALURU RURAL",0,0.179016049323985
"BENGALURU URBAN","MANDYA",0,0.050271784870328
"BENGALURU URBAN","HASSAN",0,0.013194058885395
"BENGALURU URBAN","DAKSHINA KANNADA",0,0.002050373862889
"BENGALURU URBAN","KODAGU",0,0.005295087238287
"BENGALURU URBAN","MYSURU",0,0.016536536975897
"BENGALURU URBAN","CHAMARAJANAGARA",0,0.028252876743314
"BENGALURU URBAN","CHIKKABALLAPURA",0,0.074747007364376
"BENGALURU URBAN","RAMANAGARA",0,0.14474831128938
"BENGALURU URBAN","YADGIR",0,8.1974517449272E-05
"BENGALURU URBAN","VIJAYAPURA",0,0.001681452176794
"BENGALURU RURAL","BELAGAVI",0,5.27246197120232E-05
"BENGALURU RURAL","BAGALKOTE",0,0.000126623485865
"BENGALURU RURAL","VIJAYAPURA",0,5.70464939855493E-05
"BENGALURU RURAL","KALABURAGI",0,3.70600965009749E-05
"BENGALURU RURAL","BIDAR",0,8.79314441243293E-06
"BENGALURU RURAL","RAICHUR",0,0.000480049445455
"BENGALURU RURAL","KOPPAL",0,0.000858512559784
"BENGALURU RURAL","GADAG",0,0.00055041876068
"BENGALURU RURAL","DHARWAD",0,0.000273775244944
"BENGALURU RURAL","UTTARA KANNADA",0,0.000231901043835
"BENGALURU RURAL","HAVERI",0,0.001060231401421
"BENGALURU RURAL","BALLARI",0,0.002655167977205
"BENGALURU RURAL","CHITRADURGA",0,0.014888850589529
"BENGALURU RURAL","DAVANGERE",0,0.004664136366976
"BENGALURU RURAL","SHIVAMOGGA",0,0.001494601277861
"BENGALURU RURAL","UDUPI",0,0.00092807661014
"BENGALURU RURAL","CHIKKAMAGALURU",0,0.005437408937502
"BENGALURU RURAL","TUMAKURU",0,0.073269168763079
"BENGALURU RURAL","KOLAR",0,0.080915046198582
"BENGALURU RURAL","BENGALURU URBAN",0,0.178873685976985
"BENGALURU RURAL","BENGALURU RURAL",0,0.330735258989053
"BENGALURU RURAL","MANDYA",0,0.037810685151176
"BENGALURU RURAL","HASSAN",0,0.013258948643862
"BENGALURU RURAL","DAKSHINA KANNADA",0,0.002013361183897
"BENGALURU RURAL","KODAGU",0,0.004314974299101
"BENGALURU RURAL","MYSURU",0,0.011726248307511
"BENGALURU RURAL","CHAMARAJANAGARA",0,0.016332744139417
"BENGALURU RURAL","CHIKKABALLAPURA",0,0.126177250509116
"BENGALURU RURAL","RAMANAGARA",0,0.087797967695008
"BENGALURU RURAL","YADGIR",0,0.000150896290618
"BENGALURU RURAL","VIJAYAPURA",0,0.002818385796785
"MANDYA","BELAGAVI",0,5.02352361170136E-05
"MANDYA","BAGALKOTE",0,8.07739757666676E-05
"MANDYA","VIJAYAPURA",0,2.78618141868764E-05
"MANDYA","KALABURAGI",0,1.17877229339612E-05
"MANDYA","BIDAR",0,2.44576557023008E-06
"MANDYA","RAICHUR",0,0.000158599237535
"MANDYA","KOPPAL",0,0.00045882325332
"MANDYA","GADAG",0,0.000435697090362
"MANDYA","DHARWAD",0,0.000293081068123
"MANDYA","UTTARA KANNADA",0,0.000423934678365
"MANDYA","HAVERI",0,0.001356845280443
"MANDYA","BALLARI",0,0.000995958256743
"MANDYA","CHITRADURGA",0,0.010842868234426
"MANDYA","DAVANGERE",0,0.005466774061219
"MANDYA","SHIVAMOGGA",0,0.00342803400556
"MANDYA","UDUPI",0,0.003618197591177
"MANDYA","CHIKKAMAGALURU",0,0.017357940521783
"MANDYA","TUMAKURU",0,0.047005330432969
"MANDYA","KOLAR",0,0.013531429695265
"MANDYA","BENGALURU URBAN",0,0.055423807615238
"MANDYA","BENGALURU RURAL",0,0.041718829294127
"MANDYA","MANDYA",0,0.364920332867441
"MANDYA","HASSAN",0,0.065057109505984
"MANDYA","DAKSHINA KANNADA",0,0.012196039868871
"MANDYA","KODAGU",0,0.038097712779943
"MANDYA","MYSURU",0,0.111944024065049
"MANDYA","CHAMARAJANAGARA",0,0.07426578759559
"MANDYA","CHIKKABALLAPURA",0,0.016284632202768
"MANDYA","RAMANAGARA",0,0.112578165642195
"MANDYA","YADGIR",0,4.81653131797229E-05
"MANDYA","VIJAYAPURA",0,0.001918775327751
"HASSAN","BELAGAVI",0,0.000222114619141
"HASSAN","BAGALKOTE",0,0.000280734893984
"HASSAN","VIJAYAPURA",0,8.38558513532245E-05
"HASSAN","KALABURAGI",0,2.60751034338185E-05
"HASSAN","BIDAR",0,4.97879755778801E-06
"HASSAN","RAICHUR",0,0.000329302879514
"HASSAN","KOPPAL",0,0.00130322744281
"HASSAN","GADAG",0,0.001612285579287
"HASSAN","DHARWAD",0,0.00130736227433
"HASSAN","UTTARA KANNADA",0,0.002341457358604
"HASSAN","HAVERI",0,0.006191410791024
"HASSAN","BALLARI",0,0.002027605555179
"HASSAN","CHITRADURGA",0,0.025151116079797
"HASSAN","DAVANGERE",0,0.020833507048668
"HASSAN","SHIVAMOGGA",0,0.019291743061928
"HASSAN","UDUPI",0,0.021731224096207
"HASSAN","CHIKKAMAGALURU",0,0.100912406192177
"HASSAN","TUMAKURU",0,0.045484999111208
"HASSAN","KOLAR",0,0.004030161985319
"HASSAN","BENGALURU URBAN",0,0.015698848640582
"HASSAN","BENGALURU RURAL",0,0.015788613184624
"HASSAN","MANDYA",0,0.070212121265621
"HASSAN","HASSAN",0,0.39383598284862
"HASSAN","DAKSHINA KANNADA",0,0.059802342515917
"HASSAN","KODAGU",0,0.076808859792032
"HASSAN","MYSURU",0,0.059433922795719
"HASSAN","CHAMARAJANAGARA",0,0.016821188323243
"HASSAN","CHIKKABALLAPURA",0,0.007535179841993
"HASSAN","RAMANAGARA",0,0.02504773766445
"HASSAN","YADGIR",0,0.000102234812701
"HASSAN","VIJAYAPURA",0,0.005747399592977
"DAKSHINA KANNADA","BELAGAVI",0,0.000323049713355
"DAKSHINA KANNADA","BAGALKOTE",0,0.00026300658728
"DAKSHINA KANNADA","VIJAYAPURA",0,6.73453627056283E-05
"DAKSHINA KANNADA","KALABURAGI",0,1.49744252533504E-05
"DAKSHINA KANNADA","BIDAR",0,2.72286913986856E-06
"DAKSHINA KANNADA","RAICHUR",0,0.000161317057304
"DAKSHINA KANNADA","KOPPAL",0,0.000835364657396
"DAKSHINA KANNADA","GADAG",0,0.001484170778817
"DAKSHINA KANNADA","DHARWAD",0,0.001735970940116
"DAKSHINA KANNADA","UTTARA KANNADA",0,0.005341685077179
"DAKSHINA KANNADA","HAVERI",0,0.007304572814348
"DAKSHINA KANNADA","BALLARI",0,0.000874649461583
"DAKSHINA KANNADA","CHITRADURGA",0,0.008975289098875
"DAKSHINA KANNADA","DAVANGERE",0,0.013868763816132
"DAKSHINA KANNADA","SHIVAMOGGA",0,0.034809187826614
"DAKSHINA KANNADA","UDUPI",0,0.094328589548099
"DAKSHINA KANNADA","CHIKKAMAGALURU",0,0.095401695753647
"DAKSHINA KANNADA","TUMAKURU",0,0.009373802352138
"DAKSHINA KANNADA","KOLAR",0,0.0007699518287
"DAKSHINA KANNADA","BENGALURU URBAN",0,0.003050791500848
"DAKSHINA KANNADA","BENGALURU RURAL",0,0.002998103865615
"DAKSHINA KANNADA","MANDYA",0,0.016459864380186
"DAKSHINA KANNADA","HASSAN",0,0.074783929723079
"DAKSHINA KANNADA","DAKSHINA KANNADA",0,0.492499143422883
"DAKSHINA KANNADA","KODAGU",0,0.092730563569269
"DAKSHINA KANNADA","MYSURU",0,0.025748476474984
"DAKSHINA KANNADA","CHAMARAJANAGARA",0,0.005612766766518
"DAKSHINA KANNADA","CHIKKABALLAPURA",0,0.001456570236142
"DAKSHINA KANNADA","RAMANAGARA",0,0.005264841468281
"DAKSHINA KANNADA","YADGIR",0,5.37675379162694E-05
"DAKSHINA KANNADA","VIJAYAPURA",0,0.003405071085596
"KODAGU","BELAGAVI",0,8.10423597542943E-05
"KODAGU","BAGALKOTE",0,8.34700914334946E-05
"KODAGU","VIJAYAPURA",0,2.33485940709668E-05
"KODAGU","KALABURAGI",0,6.57193725731287E-06
"KODAGU","BIDAR",0,1.23861946819742E-06
"KODAGU","RAICHUR",0,8.11521797604472E-05
"KODAGU","KOPPAL",0,0.000344042095798
"KODAGU","GADAG",0,0.000484479844522
"KODAGU","DHARWAD",0,0.000463587998223
"KODAGU","UTTARA KANNADA",0,0.001149246218174
"KODAGU","HAVERI",0,0.002133045040313
"KODAGU","BALLARI",0,0.000494082534677
"KODAGU","CHITRADURGA",0,0.006091335941238
"KODAGU","DAVANGERE",0,0.005851309877635
"KODAGU","SHIVAMOGGA",0,0.008740147708815
"KODAGU","UDUPI",0,0.018118404145348
"KODAGU","CHIKKAMAGALURU",0,0.039154142187602
"KODAGU","TUMAKURU",0,0.012771796384409
"KODAGU","KOLAR",0,0.001893110250132
"KODAGU","BENGALURU URBAN",0,0.007785978795827
"KODAGU","BENGALURU RURAL",0,0.006349855207524
"KODAGU","MANDYA",0,0.050812076899263
"KODAGU","HASSAN",0,0.094920940117915
"KODAGU","DAKSHINA KANNADA",0,0.091639671862626
"KODAGU","KODAGU",0,0.486705333804894
"KODAGU","MYSURU",0,0.117981359522668
"KODAGU","CHAMARAJANAGARA",0,0.025842974995602
"KODAGU","CHIKKABALLAPURA",0,0.002638091100255
"KODAGU","RAMANAGARA",0,0.015824032590962
"KODAGU","YADGIR",0,2.54131198763359E-05
"KODAGU","VIJAYAPURA",0,0.001508717973958
"MYSURU","BELAGAVI",0,3.66125259843802E-05
"MYSURU","BAGALKOTE",0,4.84778560624919E-05
"MYSURU","VIJAYAPURA",0,1.52139807345036E-05
"MYSURU","KALABURAGI",0,5.49331552469199E-06
"MYSURU","BIDAR",0,1.09655512515677E-06
"MYSURU","RAICHUR",0,7.27590331487281E-05
"MYSURU","KOPPAL",0,0.000245524425608
"MYSURU","GADAG",0,0.000274836152318
"MYSURU","DHARWAD",0,0.000215554368339
"MYSURU","UTTARA KANNADA",0,0.00040756515662
"MYSURU","HAVERI",0,0.001020814598758
"MYSURU","BALLARI",0,0.000459612200185
"MYSURU","CHITRADURGA",0,0.005513505393527
"MYSURU","DAVANGERE",0,0.003583955251635
"MYSURU","SHIVAMOGGA",0,0.003343219124984
"MYSURU","UDUPI",0,0.005049934014262
"MYSURU","CHIKKAMAGALURU",0,0.017375871450492
"MYSURU","TUMAKURU",0,0.019093541257119
"MYSURU","KOLAR",0,0.005418206888616
"MYSURU","BENGALURU URBAN",0,0.021486905677365
"MYSURU","BENGALURU RURAL",0,0.015248738243539
"MYSURU","MANDYA",0,0.131934438151047
"MYSURU","HASSAN",0,0.064904427368492
"MYSURU","DAKSHINA KANNADA",0,0.022485439331729
"MYSURU","KODAGU",0,0.104256372601139
"MYSURU","MYSURU",0,0.430086013870486
"MYSURU","CHAMARAJANAGARA",0,0.092935409129356
"MYSURU","CHIKKABALLAPURA",0,0.005907402895867
"MYSURU","RAMANAGARA",0,0.047480676936323
"MYSURU","YADGIR",0,2.2168225543845E-05
"MYSURU","VIJAYAPURA",0,0.001070214020073
"CHAMARAJANAGARA","BELAGAVI",0,1.43980003336325E-05
"CHAMARAJANAGARA","BAGALKOTE",0,2.32741610614197E-05
"CHAMARAJANAGARA","VIJAYAPURA",0,8.24178028799458E-06
"CHAMARAJANAGARA","KALABURAGI",0,3.82761907046302E-06
"CHAMARAJANAGARA","BIDAR",0,8.27684933650531E-07
"CHAMARAJANAGARA","RAICHUR",0,5.15665394135624E-05
"CHAMARAJANAGARA","KOPPAL",0,0.000135657636542
"CHAMARAJANAGARA","GADAG",0,0.000124599105087
"CHAMARAJANAGARA","DHARWAD",0,8.4211057052014E-05
"CHAMARAJANAGARA","UTTARA KANNADA",0,0.000130731871735
"CHAMARAJANAGARA","HAVERI",0,0.000392174813234
"CHAMARAJANAGARA","BALLARI",0,0.000317927994948
"CHAMARAJANAGARA","CHITRADURGA",0,0.00319918577355
"CHAMARAJANAGARA","DAVANGERE",0,0.00156184333043
"CHAMARAJANAGARA","SHIVAMOGGA",0,0.001074399133679
"CHAMARAJANAGARA","UDUPI",0,0.001380478430386
"CHAMARAJANAGARA","CHIKKAMAGALURU",0,0.005604372717971
"CHAMARAJANAGARA","TUMAKURU",0,0.015560246619504
"CHAMARAJANAGARA","KOLAR",0,0.014220918206756
"CHAMARAJANAGARA","BENGALURU URBAN",0,0.043698992306992
"CHAMARAJANAGARA","BENGALURU RURAL",0,0.025282115921555
"CHAMARAJANAGARA","MANDYA",0,0.104189867328463
"CHAMARAJANAGARA","HASSAN",0,0.021866336959625
"CHAMARAJANAGARA","DAKSHINA KANNADA",0,0.005834535311453
"CHAMARAJANAGARA","KODAGU",0,0.027183862067048
"CHAMARAJANAGARA","MYSURU",0,0.110626876788113
"CHAMARAJANAGARA","CHAMARAJANAGARA",0,0.511958497955458
"CHAMARAJANAGARA","CHIKKABALLAPURA",0,0.009911976059559
"CHAMARAJANAGARA","RAMANAGARA",0,0.0949851169343
"CHAMARAJANAGARA","YADGIR",0,1.57161132028599E-05
"CHAMARAJANAGARA","VIJAYAPURA",0,0.000557223778254
"CHIKKABALLAPURA","BELAGAVI",0,7.8588429592488E-05
"CHIKKABALLAPURA","BAGALKOTE",0,0.000222461242117
"CHIKKABALLAPURA","VIJAYAPURA",0,0.000115092772839
"CHIKKABALLAPURA","KALABURAGI",0,9.13464133070182E-05
"CHIKKABALLAPURA","BIDAR",0,2.32581770065069E-05
"CHIKKABALLAPURA","RAICHUR",0,0.001116429404981
"CHIKKABALLAPURA","KOPPAL",0,0.00155128512658
"CHIKKABALLAPURA","GADAG",0,0.000838866759398
"CHIKKABALLAPURA","DHARWAD",0,0.000371943579916
"CHIKKABALLAPURA","UTTARA KANNADA",0,0.000250038186633
"CHIKKABALLAPURA","HAVERI",0,0.001264276630341
"CHIKKABALLAPURA","BALLARI",0,0.005462608209649
"CHIKKABALLAPURA","CHITRADURGA",0,0.018474261453765
"CHIKKABALLAPURA","DAVANGERE",0,0.005277255612392
"CHIKKABALLAPURA","SHIVAMOGGA",0,0.001369489672703
"CHIKKABALLAPURA","UDUPI",0,0.000701877483649
"CHIKKABALLAPURA","CHIKKAMAGALURU",0,0.004084142955319
"CHIKKABALLAPURA","TUMAKURU",0,0.062096456643969
"CHIKKABALLAPURA","KOLAR",0,0.1185844225777
"CHIKKABALLAPURA","BENGALURU URBAN",0,0.096210556511587
"CHIKKABALLAPURA","BENGALURU RURAL",0,0.16253821608158
"CHIKKABALLAPURA","MANDYA",0,0.019012306972902
"CHIKKABALLAPURA","HASSAN",0,0.008151417830026
"CHIKKABALLAPURA","DAKSHINA KANNADA",0,0.001260029977728
"CHIKKABALLAPURA","KODAGU",0,0.002309290712975
"CHIKKABALLAPURA","MYSURU",0,0.005851890589135
"CHIKKABALLAPURA","CHAMARAJANAGARA",0,0.00824860323401
"CHIKKABALLAPURA","CHIKKABALLAPURA",0,0.426044463438963
"CHIKKABALLAPURA","RAMANAGARA",0,0.043768917722359
"CHIKKABALLAPURA","YADGIR",0,0.000364633018221
"CHIKKABALLAPURA","VIJAYAPURA",0,0.004265572578658
"RAMANAGARA","BELAGAVI",0,2.98752835223853E-05
"RAMANAGARA","BAGALKOTE",0,5.89416013848976E-05
"RAMANAGARA","VIJAYAPURA",0,2.32817107382646E-05
"RAMANAGARA","KALABURAGI",0,1.26070938409195E-05
"RAMANAGARA","BIDAR",0,2.83610965374835E-06
"RAMANAGARA","RAICHUR",0,0.000168137039149
"RAMANAGARA","KOPPAL",0,0.00037446428746
"RAMANAGARA","GADAG",0,0.000290048745219
"RAMANAGARA","DHARWAD",0,0.0001676789807
"RAMANAGARA","UTTARA KANNADA",0,0.000191750927062
"RAMANAGARA","HAVERI",0,0.000730745073899
"RAMANAGARA","BALLARI",0,0.00100011729606
"RAMANAGARA","CHITRADURGA",0,0.008224942859021
"RAMANAGARA","DAVANGERE",0,0.003177886445275
"RAMANAGARA","SHIVAMOGGA",0,0.001455952351615
"RAMANAGARA","UDUPI",0,0.00125703094731
"RAMANAGARA","CHIKKAMAGALURU",0,0.006726141492127
"RAMANAGARA","TUMAKURU",0,0.045159303400235
"RAMANAGARA","KOLAR",0,0.040315924403959
"RAMANAGARA","BENGALURU URBAN",0,0.154501276569818
"RAMANAGARA","BENGALURU RURAL",0,0.093788273605723
"RAMANAGARA","MANDYA",0,0.108993520548133
"RAMANAGARA","HASSAN",0,0.022469721430432
"RAMANAGARA","DAKSHINA KANNADA",0,0.003776803537096
"RAMANAGARA","KODAGU",0,0.011486709507882
"RAMANAGARA","MYSURU",0,0.039003731439866
"RAMANAGARA","CHAMARAJANAGARA",0,0.065548895865429
"RAMANAGARA","CHIKKABALLAPURA",0,0.036295723442833
"RAMANAGARA","RAMANAGARA",0,0.353300762824931
"RAMANAGARA","YADGIR",0,5.17407746814131E-05
"RAMANAGARA","VIJAYAPURA",0,0.001415174404945
"YADGIR","BELAGAVI",0,0.005129947832613
"YADGIR","BAGALKOTE",0,0.028255839495991
"YADGIR","VIJAYAPURA",0,0.063683104307914
"YADGIR","KALABURAGI",0,0.123911390853503
"YADGIR","BIDAR",0,0.024787010039237
"YADGIR","RAICHUR",0,0.154577256244214
"YADGIR","KOPPAL",0,0.031265675965749
"YADGIR","GADAG",0,0.011794061798016
"YADGIR","DHARWAD",0,0.00481714265728
"YADGIR","UTTARA KANNADA",0,0.000860047338159
"YADGIR","HAVERI",0,0.002590770889626
"YADGIR","BALLARI",0,0.024499701362766
"YADGIR","CHITRADURGA",0,0.00201295609277
"YADGIR","DAVANGERE",0,0.001966823700003
"YADGIR","SHIVAMOGGA",0,0.000570099807478
"YADGIR","UDUPI",0,0.000136698475303
"YADGIR","CHIKKAMAGALURU",0,0.000273660357081
"YADGIR","TUMAKURU",0,0.0005100331285
"YADGIR","KOLAR",0,0.000133438165447
"YADGIR","BENGALURU URBAN",0,0.000126060374034
"YADGIR","BENGALURU RURAL",0,0.000232232928426
"YADGIR","MANDYA",0,6.71834121745222E-05
"YADGIR","HASSAN",0,0.000132132345412
"YADGIR","DAKSHINA KANNADA",0,5.55700006439292E-05
"YADGIR","KODAGU",0,2.6577713200129E-05
"YADGIR","MYSURU",0,2.62362247668776E-05
"YADGIR","CHAMARAJANAGARA",0,1.56255791615495E-05
"YADGIR","CHIKKABALLAPURA",0,0.000435639045345
"YADGIR","RAMANAGARA",0,7.45442385630961E-05
"YADGIR","YADGIR",0,0.509009316360437
"YADGIR","VIJAYAPURA",0,0.008023223266185
"VIJAYAPURA","BELAGAVI",0,0.004058472260052
"VIJAYAPURA","BAGALKOTE",0,0.009158413467508
"VIJAYAPURA","VIJAYAPURA",0,0.003143999859329
"VIJAYAPURA","KALABURAGI",0,0.000944398784269
"VIJAYAPURA","BIDAR",0,0.000173956244982
"VIJAYAPURA","RAICHUR",0,0.010398345097359
"VIJAYAPURA","KOPPAL",0,0.050190071246077
"VIJAYAPURA","GADAG",0,0.043088480977503
"VIJAYAPURA","DHARWAD",0,0.018532800315837
"VIJAYAPURA","UTTARA KANNADA",0,0.00753802515661
"VIJAYAPURA","HAVERI",0,0.040636750197491
"VIJAYAPURA","BALLARI",0,0.046167802458621
"VIJAYAPURA","CHITRADURGA",0,0.037927335362871
"VIJAYAPURA","DAVANGERE",0,0.054262382887129
"VIJAYAPURA","SHIVAMOGGA",0,0.013249342845433
"VIJAYAPURA","UDUPI",0,0.003291999933856
"VIJAYAPURA","CHIKKAMAGALURU",0,0.00752720959246
"VIJAYAPURA","TUMAKURU",0,0.006916701504963
"VIJAYAPURA","KOLAR",0,0.000626114530325
"VIJAYAPURA","BENGALURU URBAN",0,0.001124451742976
"VIJAYAPURA","BENGALURU RURAL",0,0.001886263043105
"VIJAYAPURA","MANDYA",0,0.001163880452104
"VIJAYAPURA","HASSAN",0,0.003230266182486
"VIJAYAPURA","DAKSHINA KANNADA",0,0.001530393153925
"VIJAYAPURA","KODAGU",0,0.000686158218479
"VIJAYAPURA","MYSURU",0,0.000550804686954
"VIJAYAPURA","CHAMARAJANAGARA",0,0.000240922408053
"VIJAYAPURA","CHIKKABALLAPURA",0,0.00221617841606
"VIJAYAPURA","RAMANAGARA",0,0.000886640777397
"VIJAYAPURA","YADGIR",0,0.003489036054476
"VIJAYAPURA","VIJAYAPURA",0,0.221351419239528